{"best_time": 28.468841314315796, "min_propellant_usage": 35.74000000000265}